timestamp,rank,name,symbol,price,change_1h,change_24h,change_7d,market_cap,volume_24h
2026-09-06T10:32:05+00:00,1,Bitcoin,BTC,57017.514555,-1.4,2.41,-12.46,1170839638900.78,60771361967.26
2026-09-06T10:32:05+00:00,2,Ethereum,ETH,4181.174201,0.03,-7.4,0.18,511560907971.29,18288474893.13
2026-09-06T10:32:05+00:00,3,Tether,USDT,0.995471,1.31,-6.02,-7.19,120305839733.77,10423504385.69
2026-09-06T10:32:05+00:00,4,BNB,BNB,615.172793,-0.41,7.62,-13.37,90846677100.12,4273365457.63
2026-09-06T10:32:05+00:00,5,Solana,SOL,175.101007,-1.53,-3.06,13.56,83861066129.31,5477223228.79
2026-09-06T10:32:05+00:00,6,XRP,XRP,1.431835,-0.51,0.76,-12.8,80286553895.35,3430959344.3
2026-09-06T10:32:05+00:00,7,Dogecoin,DOGE,0.127364,-0.29,-2.97,5.49,18282865481.75,878144162.56
2026-09-06T10:32:05+00:00,8,Cardano,ADA,0.62281,0.8,-4.09,5.1,21510834496.64,1773927369.29
2026-09-06T10:32:05+00:00,9,Avalanche,AVAX,125.940239,-0.85,7.68,-10.87,18968886672.28,1433140659.7
2026-09-06T10:32:05+00:00,10,Chainlink,LINK,25.57459,-0.04,-7.37,8.39,16285720960.65,1042981213.95
2026-09-06T10:32:05+00:00,11,Polkadot,DOT,8.967576,-0.75,3.12,5.8,11418216106.58,654044446.61
2026-09-06T10:32:05+00:00,12,Polygon,MATIC,0.99999,1.78,-0.41,8.25,9020041835.82,656014643.63
2026-09-06T10:32:05+00:00,13,Litecoin,LTC,113.392237,1.97,5.15,-5.04,8380812962.33,589000968.81
2026-09-06T10:32:05+00:00,14,TRON,TRX,0.175815,-0.15,-5.31,-10.9,15957983323.02,1225113066.86
2026-09-06T10:32:05+00:00,15,Toncoin,TON,6.687881,-1.01,-1.74,15.5,17154881130.22,985256522.19
2026-09-06T11:32:05+00:00,1,Bitcoin,BTC,57797.573321,1.53,5.11,15.24,1164815052909.63,64253815508.26
2026-09-06T11:32:05+00:00,2,Ethereum,ETH,4258.684651,1.54,7.32,-9.72,512658566958.02,22661384596.73
2026-09-06T11:32:05+00:00,3,Tether,USDT,0.984,-0.06,1.43,-5.8,118809824648.12,6616414808.1
2026-09-06T11:32:05+00:00,4,BNB,BNB,607.536324,0.27,7.25,9.17,90227946545.26,6048411959.8
2026-09-06T11:32:05+00:00,5,Solana,SOL,180.811543,-1.78,6.39,12.3,85032178254.82,6572429485.74
2026-09-06T11:32:05+00:00,6,XRP,XRP,1.410831,-0.4,-6.34,7.2,80290841471.02,2757309413.0
2026-09-06T11:32:05+00:00,7,Dogecoin,DOGE,0.123798,-1.35,-2.56,-13.16,18117085381.18,715088895.64
2026-09-06T11:32:05+00:00,8,Cardano,ADA,0.597366,-0.55,-7.59,15.6,21549049664.75,836630126.08
2026-09-06T11:32:05+00:00,9,Avalanche,AVAX,122.383379,-0.61,-2.17,-10.7,19132596032.06,1702137102.74
2026-09-06T11:32:05+00:00,10,Chainlink,LINK,26.066699,-0.06,-6.63,-11.42,16149014011.59,743343698.75
2026-09-06T11:32:05+00:00,11,Polkadot,DOT,8.943044,-1.35,-7.63,18.28,11406442686.07,442276136.61
2026-09-06T11:32:05+00:00,12,Polygon,MATIC,0.982539,-1.89,0.45,19.25,9166125155.51,653123445.11
2026-09-06T11:32:05+00:00,13,Litecoin,LTC,110.788961,-0.53,-5.33,12.02,8405475522.78,644643665.23
2026-09-06T11:32:05+00:00,14,TRON,TRX,0.17915,-1.11,4.98,19.47,16213546473.2,1261671912.9
2026-09-06T11:32:05+00:00,15,Toncoin,TON,6.970644,0.96,-4.37,3.12,17250024640.0,549081396.47
2026-09-06T12:32:05+00:00,1,Bitcoin,BTC,55994.426271,-0.88,-3.85,9.24,1180682452786.39,66495382979.22
2026-09-06T12:32:05+00:00,2,Ethereum,ETH,4407.702461,1.95,7.28,-2.24,513115171173.32,22503146795.58
2026-09-06T12:32:05+00:00,3,Tether,USDT,0.981802,-1.18,1.99,16.51,120817045265.47,7052208669.08
2026-09-06T12:32:05+00:00,4,BNB,BNB,617.960474,1.2,-6.64,8.12,90939237956.14,6939823208.74
2026-09-06T12:32:05+00:00,5,Solana,SOL,181.605308,-0.09,-5.14,12.62,84117289033.37,6587370552.89
2026-09-06T12:32:05+00:00,6,XRP,XRP,1.460185,-0.42,-1.58,18.14,81364173838.33,3256217787.46
2026-09-06T12:32:05+00:00,7,Dogecoin,DOGE,0.12318,-1.4,6.48,13.23,18170499797.0,1456508505.42
2026-09-06T12:32:05+00:00,8,Cardano,ADA,0.629637,0.63,-2.39,4.2,21341323056.36,663373390.22
2026-09-06T12:32:05+00:00,9,Avalanche,AVAX,127.739921,0.6,0.43,17.68,18974847585.97,1563786937.91
2026-09-06T12:32:05+00:00,10,Chainlink,LINK,26.631151,-1.16,-3.97,-4.75,16115934763.19,1056016927.46
2026-09-06T12:32:05+00:00,11,Polkadot,DOT,8.643378,-0.32,-5.9,16.85,11366662757.46,655382114.75
2026-09-06T12:32:05+00:00,12,Polygon,MATIC,0.984901,1.62,-1.27,17.12,9100300107.28,563376429.49
2026-09-06T12:32:05+00:00,13,Litecoin,LTC,112.558528,-1.93,-0.96,-8.59,8316660656.95,654781907.05
2026-09-06T12:32:05+00:00,14,TRON,TRX,0.177442,-0.11,3.6,4.48,16043966252.64,983724856.47
2026-09-06T12:32:05+00:00,15,Toncoin,TON,6.862753,1.14,-6.3,4.61,17212979035.08,806439919.14
2026-09-06T13:32:05+00:00,1,Bitcoin,BTC,58567.999376,0.03,0.99,11.6,1179652220050.12,66216037229.14
2026-09-06T13:32:05+00:00,2,Ethereum,ETH,4324.078976,0.02,0.19,9.25,515508208576.17,31990517147.45
2026-09-06T13:32:05+00:00,3,Tether,USDT,0.998682,1.77,3.19,15.68,121061233411.93,5469064517.65
2026-09-06T13:32:05+00:00,4,BNB,BNB,614.526561,1.77,5.44,-10.2,89517406005.71,5098743093.74
2026-09-06T13:32:05+00:00,5,Solana,SOL,174.331197,-1.04,-6.83,8.43,84879283996.99,7074541856.1
2026-09-06T13:32:05+00:00,6,XRP,XRP,1.390559,0.86,2.56,-10.0,81620189190.52,7132267643.76
2026-09-06T13:32:05+00:00,7,Dogecoin,DOGE,0.12388,1.81,-1.63,2.05,18479292952.44,1463024247.09
2026-09-06T13:32:05+00:00,8,Cardano,ADA,0.599569,-0.27,0.25,-3.13,21369170206.44,1055897983.16
2026-09-06T13:32:05+00:00,9,Avalanche,AVAX,125.885868,-1.92,0.86,0.42,18816871152.71,947907593.62
2026-09-06T13:32:05+00:00,10,Chainlink,LINK,26.314219,0.05,-6.97,19.48,16293429630.18,1430488471.8
2026-09-06T13:32:05+00:00,11,Polkadot,DOT,8.562035,-0.94,-7.37,12.26,11347661710.23,430616002.57
2026-09-06T13:32:05+00:00,12,Polygon,MATIC,0.975429,1.65,5.1,-5.95,9036184966.43,774867643.65
2026-09-06T13:32:05+00:00,13,Litecoin,LTC,112.876092,0.8,-6.57,-12.99,8431618535.99,466359788.56
2026-09-06T13:32:05+00:00,14,TRON,TRX,0.176356,1.75,2.15,13.06,15965965093.45,1310116862.74
2026-09-06T13:32:05+00:00,15,Toncoin,TON,6.662142,1.45,-0.74,-3.13,17318360184.99,1480882716.87
2026-09-06T14:32:05+00:00,1,Bitcoin,BTC,56823.982371,-1.48,0.43,-6.65,1160861164282.86,46433726230.15
2026-09-06T14:32:05+00:00,2,Ethereum,ETH,4179.210695,-1.19,-3.01,-4.32,518678021991.59,24457187443.07
2026-09-06T14:32:05+00:00,3,Tether,USDT,1.000005,-1.29,-2.45,-14.36,119401077014.87,3710492045.68
2026-09-06T14:32:05+00:00,4,BNB,BNB,620.903467,0.2,-4.97,1.62,90984095682.97,3281194639.29
2026-09-06T14:32:05+00:00,5,Solana,SOL,182.343671,-0.27,-0.08,14.21,84219529295.55,5097857661.71
2026-09-06T14:32:05+00:00,6,XRP,XRP,1.435996,1.93,-2.52,14.13,81334895150.67,5520847971.58
2026-09-06T14:32:05+00:00,7,Dogecoin,DOGE,0.12528,-0.61,-7.13,-10.46,18142884550.5,1362496339.6
2026-09-06T14:32:05+00:00,8,Cardano,ADA,0.603025,-1.35,-6.65,14.44,21659331263.14,1510000854.3
2026-09-06T14:32:05+00:00,9,Avalanche,AVAX,122.604574,-1.03,-3.31,1.08,18869862517.14,1078240053.39
2026-09-06T14:32:05+00:00,10,Chainlink,LINK,25.748955,1.85,7.56,4.15,16117200664.04,1424628100.5
2026-09-06T14:32:05+00:00,11,Polkadot,DOT,8.669784,-0.57,-7.98,-1.64,11394218747.05,685890580.36
2026-09-06T14:32:05+00:00,12,Polygon,MATIC,0.962418,0.02,-7.92,-5.75,9025335118.41,491133098.98
2026-09-06T14:32:05+00:00,13,Litecoin,LTC,109.309002,-1.91,-3.13,-6.85,8414377991.74,518711532.34
2026-09-06T14:32:05+00:00,14,TRON,TRX,0.183721,0.63,3.46,15.77,16064424303.68,798046172.49
2026-09-06T14:32:05+00:00,15,Toncoin,TON,7.038933,-1.4,3.59,7.51,17142150671.08,1386030545.88
2026-09-06T15:32:05+00:00,1,Bitcoin,BTC,58981.809027,0.51,3.74,13.43,1161559798074.45,71867761373.9
2026-09-06T15:32:05+00:00,2,Ethereum,ETH,4296.206441,1.34,4.87,13.92,516867514853.44,43122008639.11
2026-09-06T15:32:05+00:00,3,Tether,USDT,1.010974,0.77,-4.32,-13.91,119119423675.01,6197093830.32
2026-09-06T15:32:05+00:00,4,BNB,BNB,597.824473,1.34,0.94,6.97,90427712531.91,6389754520.95
2026-09-06T15:32:05+00:00,5,Solana,SOL,178.805072,-1.99,4.76,11.19,84405015136.39,5242251859.26
2026-09-06T15:32:05+00:00,6,XRP,XRP,1.433572,-1.74,3.79,-6.17,80310608999.96,3720612959.87
2026-09-06T15:32:05+00:00,7,Dogecoin,DOGE,0.127734,-1.18,3.84,19.15,18297785253.06,969051404.0
2026-09-06T15:32:05+00:00,8,Cardano,ADA,0.611229,0.73,4.27,6.59,21561388079.41,744938647.18
2026-09-06T15:32:05+00:00,9,Avalanche,AVAX,121.601977,-0.98,3.89,-4.35,19025749445.19,584214903.19
2026-09-06T15:32:05+00:00,10,Chainlink,LINK,25.431468,-0.92,2.75,9.23,16256929280.81,768712497.03
2026-09-06T15:32:05+00:00,11,Polkadot,DOT,8.778701,-0.14,-0.54,-10.85,11489755147.17,478287020.42
2026-09-06T15:32:05+00:00,12,Polygon,MATIC,1.008114,1.75,-7.72,1.06,9158221380.07,801587105.4
2026-09-06T15:32:05+00:00,13,Litecoin,LTC,112.059097,-0.93,-4.64,18.1,8351399077.99,545062073.33
2026-09-06T15:32:05+00:00,14,TRON,TRX,0.177109,0.1,7.24,-10.36,16203109877.42,974447045.62
2026-09-06T15:32:05+00:00,15,Toncoin,TON,6.998768,0.81,-4.3,16.42,17295204667.12,544778110.41
2026-09-06T16:32:05+00:00,1,Bitcoin,BTC,55910.245507,-0.03,-0.79,-4.43,1161592548954.03,59246002279.24
2026-09-06T16:32:05+00:00,2,Ethereum,ETH,4247.682429,1.36,-7.97,11.28,519499623400.79,19196480121.45
2026-09-06T16:32:05+00:00,3,Tether,USDT,1.025584,0.85,6.43,-4.86,119693332798.45,6428875550.7
2026-09-06T16:32:05+00:00,4,BNB,BNB,630.665836,0.36,-2.23,-0.02,89794380075.73,2967226939.61
2026-09-06T16:32:05+00:00,5,Solana,SOL,174.644276,1.34,-3.43,17.75,83976860121.3,3877646667.85
2026-09-06T16:32:05+00:00,6,XRP,XRP,1.420934,-1.24,-2.03,18.47,81622511819.95,6376136619.91
2026-09-06T16:32:05+00:00,7,Dogecoin,DOGE,0.12699,1.65,7.05,4.22,18380363564.99,603324685.82
2026-09-06T16:32:05+00:00,8,Cardano,ADA,0.620532,-0.2,4.04,7.56,21408069577.73,708180207.43
2026-09-06T16:32:05+00:00,9,Avalanche,AVAX,127.411111,-1.49,-0.45,-2.97,18923153308.91,1412497055.7
2026-09-06T16:32:05+00:00,10,Chainlink,LINK,26.866451,-0.96,2.5,-4.47,16218572231.6,869325479.93
2026-09-06T16:32:05+00:00,11,Polkadot,DOT,8.59495,-1.35,-4.67,16.71,11399333279.05,492497272.51
2026-09-06T16:32:05+00:00,12,Polygon,MATIC,1.003888,1.99,-0.8,-10.11,9044018091.43,322530121.43
2026-09-06T16:32:05+00:00,13,Litecoin,LTC,111.334146,-1.64,-4.17,-5.96,8411695780.71,699174735.44
2026-09-06T16:32:05+00:00,14,TRON,TRX,0.183711,-0.35,-1.38,3.35,16060350792.0,809704195.09
2026-09-06T16:32:05+00:00,15,Toncoin,TON,6.660269,-0.89,7.48,-10.59,17301174928.67,1172552728.27
2026-09-06T17:32:05+00:00,1,Bitcoin,BTC,58881.258602,-1.14,-3.66,-6.3,1167654316999.85,66399259143.43
2026-09-06T17:32:05+00:00,2,Ethereum,ETH,4412.063438,1.39,5.97,-14.24,511172752851.75,37446484861.7
2026-09-06T17:32:05+00:00,3,Tether,USDT,1.023742,-0.11,1.39,-14.99,119739650629.7,10273156370.84
2026-09-06T17:32:05+00:00,4,BNB,BNB,624.302278,1.42,7.56,-6.3,89494718982.07,3541495822.24
2026-09-06T17:32:05+00:00,5,Solana,SOL,179.160099,0.73,7.06,10.26,84648723625.99,6404949973.91
2026-09-06T17:32:05+00:00,6,XRP,XRP,1.416364,0.21,-7.37,12.38,80566774462.93,6900811732.13
2026-09-06T17:32:05+00:00,7,Dogecoin,DOGE,0.1271,-0.78,-5.95,-6.19,18349882541.64,1316042945.21
2026-09-06T17:32:05+00:00,8,Cardano,ADA,0.597758,-1.72,0.39,5.4,21451875237.39,933422113.36
2026-09-06T17:32:05+00:00,9,Avalanche,AVAX,124.983288,-1.96,-3.18,1.12,19174397189.32,1304816228.87
2026-09-06T17:32:05+00:00,10,Chainlink,LINK,26.721451,-0.1,-4.24,-6.35,16349239010.46,1170923360.25
2026-09-06T17:32:05+00:00,11,Polkadot,DOT,8.668653,-1.91,-0.03,8.61,11381763618.85,517963187.54
2026-09-06T17:32:05+00:00,12,Polygon,MATIC,0.98984,1.7,-4.37,-13.81,9070525385.8,502624037.91
2026-09-06T17:32:05+00:00,13,Litecoin,LTC,113.63123,-1.21,4.75,10.87,8400819569.08,355430167.87
2026-09-06T17:32:05+00:00,14,TRON,TRX,0.186103,-0.75,5.12,-6.92,16010304585.84,1217614734.52
2026-09-06T17:32:05+00:00,15,Toncoin,TON,6.75584,1.81,-0.07,-8.44,17204270151.94,951876187.23
2026-09-06T18:32:05+00:00,1,Bitcoin,BTC,58198.151045,1.8,-5.66,-1.23,1163283008354.55,103483203286.29
2026-09-06T18:32:05+00:00,2,Ethereum,ETH,4202.798766,-1.79,-7.04,-1.23,520109087638.77,42835749414.92
2026-09-06T18:32:05+00:00,3,Tether,USDT,1.013963,1.99,6.91,-3.48,119245229255.9,10338347171.09
2026-09-06T18:32:05+00:00,4,BNB,BNB,621.389471,-1.87,2.63,-1.75,89972486050.11,4501146813.92
2026-09-06T18:32:05+00:00,5,Solana,SOL,175.36945,-1.99,-3.52,-2.7,85168909037.22,3158458740.66
2026-09-06T18:32:05+00:00,6,XRP,XRP,1.459556,-1.17,-2.29,13.76,81521652931.59,4531703763.35
2026-09-06T18:32:05+00:00,7,Dogecoin,DOGE,0.122592,-0.11,-2.04,17.18,18187647584.6,948945250.91
2026-09-06T18:32:05+00:00,8,Cardano,ADA,0.626578,-1.88,-1.43,13.41,21614667241.01,697437834.25
2026-09-06T18:32:05+00:00,9,Avalanche,AVAX,120.762898,-1.75,6.72,-6.0,19093968985.71,1594349039.42
2026-09-06T18:32:05+00:00,10,Chainlink,LINK,25.86779,-0.91,7.32,6.59,16122943881.44,1182569945.53
2026-09-06T18:32:05+00:00,11,Polkadot,DOT,8.673434,-0.9,-7.94,11.45,11494952789.63,775642349.3
2026-09-06T18:32:05+00:00,12,Polygon,MATIC,1.006063,-1.9,-4.26,1.63,9183133532.41,793835176.74
2026-09-06T18:32:05+00:00,13,Litecoin,LTC,111.634656,-1.0,-1.12,2.27,8471920702.54,344201372.66
2026-09-06T18:32:05+00:00,14,TRON,TRX,0.184286,0.95,5.16,12.05,16134535862.46,799654617.35
2026-09-06T18:32:05+00:00,15,Toncoin,TON,6.765943,-0.55,4.52,-12.23,17195269879.93,1300495326.15
2026-09-06T19:32:05+00:00,1,Bitcoin,BTC,56752.92101,-1.74,-7.46,4.34,1165922745485.31,103913955115.86
2026-09-06T19:32:05+00:00,2,Ethereum,ETH,4393.903252,1.95,-3.76,-12.06,511835081010.65,30912794309.57
2026-09-06T19:32:05+00:00,3,Tether,USDT,1.012586,-0.21,-4.25,-0.41,120288738350.12,8453582055.06
2026-09-06T19:32:05+00:00,4,BNB,BNB,621.450776,1.39,2.63,-10.76,90814931608.37,4295948978.84
2026-09-06T19:32:05+00:00,5,Solana,SOL,179.638015,-0.51,3.81,-8.03,83973660365.35,3774403263.45
2026-09-06T19:32:05+00:00,6,XRP,XRP,1.390463,1.54,1.25,-3.58,80831632744.88,7253300811.46
2026-09-06T19:32:05+00:00,7,Dogecoin,DOGE,0.126055,-1.07,4.94,7.87,18479689768.3,661360997.91
2026-09-06T19:32:05+00:00,8,Cardano,ADA,0.611073,1.28,5.45,17.0,21302355602.14,1023843930.96
2026-09-06T19:32:05+00:00,9,Avalanche,AVAX,121.391717,-1.24,7.57,5.41,19163466024.16,994350138.34
2026-09-06T19:32:05+00:00,10,Chainlink,LINK,26.693795,-0.2,-3.84,12.22,16344407475.04,588818220.61
2026-09-06T19:32:05+00:00,11,Polkadot,DOT,8.820593,0.48,-4.52,-2.1,11318232242.51,481519883.21
2026-09-06T19:32:05+00:00,12,Polygon,MATIC,0.965589,0.4,2.43,-7.88,9011071130.27,451678080.67
2026-09-06T19:32:05+00:00,13,Litecoin,LTC,113.602588,-1.26,-3.0,-7.88,8449607236.23,528214596.42
2026-09-06T19:32:05+00:00,14,TRON,TRX,0.176257,-1.59,-1.68,4.25,16144816586.52,571053410.01
2026-09-06T19:32:05+00:00,15,Toncoin,TON,6.701978,0.78,-1.44,-5.08,17233428133.91,1508410012.76
2026-09-06T20:32:05+00:00,1,Bitcoin,BTC,56977.852872,0.27,-2.29,-0.42,1178523365154.41,105062748960.52
2026-09-06T20:32:05+00:00,2,Ethereum,ETH,4259.975806,-1.21,3.65,-7.87,510900646476.15,43394482806.08
2026-09-06T20:32:05+00:00,3,Tether,USDT,0.995425,1.28,-1.5,15.9,119906174965.62,4770320970.83
2026-09-06T20:32:05+00:00,4,BNB,BNB,594.514821,0.21,2.25,16.84,89458612126.03,6073317148.64
2026-09-06T20:32:05+00:00,5,Solana,SOL,177.53348,0.02,-5.67,-5.08,84435716181.53,7218730936.14
2026-09-06T20:32:05+00:00,6,XRP,XRP,1.386669,-0.04,4.88,18.84,80509693562.3,3045520723.08
2026-09-06T20:32:05+00:00,7,Dogecoin,DOGE,0.12935,1.9,-0.28,-13.13,18455977419.64,974908910.3
2026-09-06T20:32:05+00:00,8,Cardano,ADA,0.626843,0.48,5.19,-9.39,21622904995.89,931476862.22
2026-09-06T20:32:05+00:00,9,Avalanche,AVAX,123.518047,1.39,5.27,-8.6,18892892013.31,1025709964.71
2026-09-06T20:32:05+00:00,10,Chainlink,LINK,26.148041,-0.47,-6.03,-6.35,16272861991.79,1358170761.34
2026-09-06T20:32:05+00:00,11,Polkadot,DOT,8.528526,0.25,4.12,-13.67,11477110571.19,422528014.47
2026-09-06T20:32:05+00:00,12,Polygon,MATIC,0.985852,0.2,2.03,-4.28,9085453079.42,591113064.8
2026-09-06T20:32:05+00:00,13,Litecoin,LTC,111.899189,0.64,-0.85,0.34,8319927047.08,563921507.43
2026-09-06T20:32:05+00:00,14,TRON,TRX,0.180886,-1.06,4.22,12.3,16086569071.17,656463687.19
2026-09-06T20:32:05+00:00,15,Toncoin,TON,6.829009,-1.57,-5.94,0.07,17158732747.79,977761884.54
2026-09-06T21:32:05+00:00,1,Bitcoin,BTC,57661.76351,-1.84,2.18,-12.12,1175463437261.74,89690053261.61
2026-09-06T21:32:05+00:00,2,Ethereum,ETH,4298.038898,-1.78,0.06,-1.77,520652957544.43,19696309683.92
2026-09-06T21:32:05+00:00,3,Tether,USDT,1.021424,1.98,3.71,13.52,119264897527.66,10668442255.09
2026-09-06T21:32:05+00:00,4,BNB,BNB,612.041299,1.83,6.66,-9.22,90720240266.24,7742317786.55
2026-09-06T21:32:05+00:00,5,Solana,SOL,174.25573,-0.6,4.1,-9.44,85069354863.55,3924562485.51
2026-09-06T21:32:05+00:00,6,XRP,XRP,1.446891,-1.43,0.04,17.2,80527483813.31,3707536846.65
2026-09-06T21:32:05+00:00,7,Dogecoin,DOGE,0.126045,-0.72,-7.41,-8.63,18176009940.99,1577171329.46
2026-09-06T21:32:05+00:00,8,Cardano,ADA,0.618598,1.58,-5.3,12.47,21334483841.36,1329630390.13
2026-09-06T21:32:05+00:00,9,Avalanche,AVAX,125.246092,-0.56,5.97,4.43,19030416600.72,1576089826.24
2026-09-06T21:32:05+00:00,10,Chainlink,LINK,25.500343,1.97,2.08,-1.2,16296445276.2,743341003.99
2026-09-06T21:32:05+00:00,11,Polkadot,DOT,9.0281,0.31,-2.24,11.76,11386840211.16,462901144.18
2026-09-06T21:32:05+00:00,12,Polygon,MATIC,0.994323,-1.81,5.12,-6.12,9125341287.46,810294137.98
2026-09-06T21:32:05+00:00,13,Litecoin,LTC,112.979109,0.65,-3.0,-14.94,8321677249.71,327279837.39
2026-09-06T21:32:05+00:00,14,TRON,TRX,0.18226,-0.27,0.2,16.34,15981511500.49,702532812.71
2026-09-06T21:32:05+00:00,15,Toncoin,TON,6.902836,-1.91,-7.96,-2.58,17163801477.66,889723308.45
2026-09-06T22:32:05+00:00,1,Bitcoin,BTC,56673.228395,0.33,1.43,-7.85,1172899951678.41,68438107165.21
2026-09-06T22:32:05+00:00,2,Ethereum,ETH,4200.952986,1.75,-4.1,-9.77,511828704188.59,35238984588.98
2026-09-06T22:32:05+00:00,3,Tether,USDT,1.022277,1.13,-1.57,-5.75,118827590490.39,8243621017.86
2026-09-06T22:32:05+00:00,4,BNB,BNB,614.630072,-0.6,2.33,0.53,90988631445.72,6675823088.79
2026-09-06T22:32:05+00:00,5,Solana,SOL,176.220065,1.61,-7.3,3.6,84241308966.83,3735554833.64
2026-09-06T22:32:05+00:00,6,XRP,XRP,1.382374,1.12,-7.8,4.28,81714291384.51,3121415407.72
2026-09-06T22:32:05+00:00,7,Dogecoin,DOGE,0.123728,0.43,0.11,7.45,18414697374.54,740754143.18
2026-09-06T22:32:05+00:00,8,Cardano,ADA,0.605001,-0.8,-7.22,16.13,21621678897.26,1567864211.61
2026-09-06T22:32:05+00:00,9,Avalanche,AVAX,120.550427,1.38,3.92,1.28,19091866879.68,1085835452.53
2026-09-06T22:32:05+00:00,10,Chainlink,LINK,25.690506,-1.58,-4.28,-13.64,16146707202.5,1214663747.81
2026-09-06T22:32:05+00:00,11,Polkadot,DOT,8.872666,1.38,3.39,-5.69,11412263608.83,640260062.11
2026-09-06T22:32:05+00:00,12,Polygon,MATIC,0.996961,0.09,-3.76,7.47,9184655627.66,391479559.63
2026-09-06T22:32:05+00:00,13,Litecoin,LTC,114.963025,-1.94,-3.83,-6.74,8440971615.57,728127739.25
2026-09-06T22:32:05+00:00,14,TRON,TRX,0.183673,-0.69,6.08,-3.5,16016012016.37,1359711068.64
2026-09-06T22:32:05+00:00,15,Toncoin,TON,6.893638,0.77,2.64,19.27,17289444559.18,1390620295.9
2026-09-06T23:32:05+00:00,1,Bitcoin,BTC,58309.914284,1.43,-1.0,10.36,1171645967140.07,56704108577.98
2026-09-06T23:32:05+00:00,2,Ethereum,ETH,4220.852283,0.49,-6.76,16.88,512332219527.51,16312902941.88
2026-09-06T23:32:05+00:00,3,Tether,USDT,0.976401,1.72,-2.48,-10.04,118868958306.86,3899875964.2
2026-09-06T23:32:05+00:00,4,BNB,BNB,619.417127,0.54,3.15,10.79,89416640543.53,5901638797.63
2026-09-06T23:32:05+00:00,5,Solana,SOL,177.453637,1.27,5.11,16.19,83667320930.22,6926500051.52
2026-09-06T23:32:05+00:00,6,XRP,XRP,1.455308,1.78,-6.29,-7.8,80371390953.77,2597314359.2
2026-09-06T23:32:05+00:00,7,Dogecoin,DOGE,0.128629,1.25,2.15,13.88,18348142357.51,864526868.74
2026-09-06T23:32:05+00:00,8,Cardano,ADA,0.597307,-1.61,4.12,-7.83,21422229718.23,1191657347.43
2026-09-06T23:32:05+00:00,9,Avalanche,AVAX,120.659022,-0.97,-3.48,10.05,18949849241.12,935744136.85
2026-09-06T23:32:05+00:00,10,Chainlink,LINK,26.84718,0.01,5.62,6.64,16048037960.74,887359150.93
2026-09-06T23:32:05+00:00,11,Polkadot,DOT,8.73656,1.09,-2.45,9.66,11408636764.06,490136791.77
2026-09-06T23:32:05+00:00,12,Polygon,MATIC,1.0013,-1.64,5.12,-9.04,9009236428.43,383311201.99
2026-09-06T23:32:05+00:00,13,Litecoin,LTC,114.168149,1.91,-7.93,2.18,8398569328.11,653573036.37
2026-09-06T23:32:05+00:00,14,TRON,TRX,0.177574,-0.02,-2.45,14.11,16022905176.64,1394778313.71
2026-09-06T23:32:05+00:00,15,Toncoin,TON,6.751243,-1.14,3.19,2.44,17165033442.1,1179719875.16
2026-09-07T00:32:05+00:00,1,Bitcoin,BTC,56177.490592,1.15,3.15,12.54,1172993613498.24,60064317750.03
2026-09-07T00:32:05+00:00,2,Ethereum,ETH,4269.636951,-0.42,6.25,-11.98,520008791482.64,16259388028.95
2026-09-07T00:32:05+00:00,3,Tether,USDT,0.982367,-0.95,6.42,2.54,119710332351.61,9964646152.72
2026-09-07T00:32:05+00:00,4,BNB,BNB,602.55146,-0.16,0.5,11.41,90656392906.22,6203774972.08
2026-09-07T00:32:05+00:00,5,Solana,SOL,177.293461,-0.69,-5.51,14.51,84673625099.89,6289423449.97
2026-09-07T00:32:05+00:00,6,XRP,XRP,1.391846,-0.24,4.37,5.27,80394212414.78,4675407349.2
2026-09-07T00:32:05+00:00,7,Dogecoin,DOGE,0.128912,-1.05,-4.93,-4.45,18374358815.72,1475341275.04
2026-09-07T00:32:05+00:00,8,Cardano,ADA,0.599317,-1.38,-4.04,-3.57,21509536865.43,852592417.26
2026-09-07T00:32:05+00:00,9,Avalanche,AVAX,122.948506,-1.24,7.6,10.51,18848686495.59,1667119711.12
2026-09-07T00:32:05+00:00,10,Chainlink,LINK,25.495687,-0.46,7.74,12.82,16275586801.35,908745158.6
2026-09-07T00:32:05+00:00,11,Polkadot,DOT,8.610136,0.55,-6.29,-7.77,11374541796.85,365209218.24
2026-09-07T00:32:05+00:00,12,Polygon,MATIC,0.974062,1.16,3.1,2.52,9124092748.4,525950469.11
2026-09-07T00:32:05+00:00,13,Litecoin,LTC,109.984384,0.41,-1.52,10.93,8468544653.17,468734298.12
2026-09-07T00:32:05+00:00,14,TRON,TRX,0.181803,1.0,-1.26,-7.0,16171554708.38,1333154615.71
2026-09-07T00:32:05+00:00,15,Toncoin,TON,6.952469,0.8,5.64,8.79,17348972432.44,990150997.23
2026-09-07T01:32:05+00:00,1,Bitcoin,BTC,56980.10858,0.51,-6.43,-0.31,1176607646386.05,85163163468.44
2026-09-07T01:32:05+00:00,2,Ethereum,ETH,4328.482332,-1.0,-1.22,0.93,517254589764.33,28153310969.81
2026-09-07T01:32:05+00:00,3,Tether,USDT,1.010515,1.72,-5.07,7.91,120667630613.04,6398700669.33
2026-09-07T01:32:05+00:00,4,BNB,BNB,611.966724,1.9,-7.39,4.02,89588160068.93,6937056688.79
2026-09-07T01:32:05+00:00,5,Solana,SOL,183.649797,0.08,-6.38,5.11,84469267617.48,6164387436.46
2026-09-07T01:32:05+00:00,6,XRP,XRP,1.421039,0.56,5.26,3.26,80854764816.03,7037146940.24
2026-09-07T01:32:05+00:00,7,Dogecoin,DOGE,0.123808,0.74,-1.72,11.69,18161796433.41,1629946243.3
2026-09-07T01:32:05+00:00,8,Cardano,ADA,0.606693,-1.77,-3.61,-1.01,21290722585.93,1184971422.93
2026-09-07T01:32:05+00:00,9,Avalanche,AVAX,123.637774,0.79,-2.37,-5.72,18895282373.99,1415276510.24
2026-09-07T01:32:05+00:00,10,Chainlink,LINK,26.80946,0.11,-4.5,13.05,16164995932.68,692076418.73
2026-09-07T01:32:05+00:00,11,Polkadot,DOT,8.574937,1.11,4.95,7.2,11392968166.37,726444879.06
2026-09-07T01:32:05+00:00,12,Polygon,MATIC,0.963888,1.86,-2.35,7.36,9158010527.01,718633821.02
2026-09-07T01:32:05+00:00,13,Litecoin,LTC,112.184872,-0.82,0.77,-10.62,8456069072.18,430792069.04
2026-09-07T01:32:05+00:00,14,TRON,TRX,0.184808,-0.93,-1.98,-6.13,16076205638.92,662569473.87
2026-09-07T01:32:05+00:00,15,Toncoin,TON,6.635906,0.89,-3.5,-6.43,17231429814.49,1016772962.04
2026-09-07T02:32:05+00:00,1,Bitcoin,BTC,57379.3885,0.55,2.55,-2.31,1180032193220.36,95082071315.01
2026-09-07T02:32:05+00:00,2,Ethereum,ETH,4180.932976,1.31,6.49,12.44,512288945647.75,41217914871.32
2026-09-07T02:32:05+00:00,3,Tether,USDT,1.00799,-1.94,-7.82,18.31,120374296175.71,5400191220.49
2026-09-07T02:32:05+00:00,4,BNB,BNB,597.699389,-1.43,-4.26,12.17,89922985113.44,3532260349.46
2026-09-07T02:32:05+00:00,5,Solana,SOL,183.257958,1.17,-5.31,16.19,84582923740.58,6488409336.1
2026-09-07T02:32:05+00:00,6,XRP,XRP,1.434353,1.58,4.61,14.36,80509740227.02,5796972559.81
2026-09-07T02:32:05+00:00,7,Dogecoin,DOGE,0.126233,0.97,-0.98,15.89,18320153348.04,839414769.25
2026-09-07T02:32:05+00:00,8,Cardano,ADA,0.602239,-1.44,-0.11,-12.95,21485850488.76,831302880.52
2026-09-07T02:32:05+00:00,9,Avalanche,AVAX,124.16569,-0.01,0.63,15.2,18812510576.85,1528474964.39
2026-09-07T02:32:05+00:00,10,Chainlink,LINK,26.069788,0.25,2.64,14.42,16159486352.34,893089941.59
2026-09-07T02:32:05+00:00,11,Polkadot,DOT,9.012375,-1.7,2.19,7.26,11292504729.99,759017933.04
2026-09-07T02:32:05+00:00,12,Polygon,MATIC,0.990736,1.73,-2.71,19.36,9101933855.94,537632852.82
2026-09-07T02:32:05+00:00,13,Litecoin,LTC,115.081157,-1.86,3.49,6.88,8372885900.73,686291766.08
2026-09-07T02:32:05+00:00,14,TRON,TRX,0.179546,-0.1,0.41,11.97,16006853542.49,903393088.69
2026-09-07T02:32:05+00:00,15,Toncoin,TON,6.808148,0.22,5.23,-4.75,17413395988.81,938071430.72
2026-09-07T03:32:05+00:00,1,Bitcoin,BTC,57639.593145,-0.91,0.1,19.12,1173616684203.72,90694969724.7
2026-09-07T03:32:05+00:00,2,Ethereum,ETH,4251.501156,-0.73,-3.21,5.53,517391351549.8,39759313569.45
2026-09-07T03:32:05+00:00,3,Tether,USDT,0.972403,0.89,6.17,4.09,118919279004.31,5762926059.82
2026-09-07T03:32:05+00:00,4,BNB,BNB,594.197983,-1.24,6.74,6.3,90485059419.81,6976214052.64
2026-09-07T03:32:05+00:00,5,Solana,SOL,183.319523,0.45,1.87,6.94,84731529122.44,5551705029.83
2026-09-07T03:32:05+00:00,6,XRP,XRP,1.435419,-1.15,2.67,1.03,81425533107.38,2922617521.03
2026-09-07T03:32:05+00:00,7,Dogecoin,DOGE,0.123591,-1.85,4.39,16.99,18356992583.06,954018511.83
2026-09-07T03:32:05+00:00,8,Cardano,ADA,0.623846,1.15,0.99,-5.97,21414877362.17,1189102271.6
2026-09-07T03:32:05+00:00,9,Avalanche,AVAX,122.876965,-0.28,2.27,17.69,18830754776.67,1216958416.22
2026-09-07T03:32:05+00:00,10,Chainlink,LINK,25.398115,-1.52,4.97,5.14,16335636018.45,919970484.27
2026-09-07T03:32:05+00:00,11,Polkadot,DOT,8.514335,-0.45,1.47,17.82,11509618867.54,667206714.47
2026-09-07T03:32:05+00:00,12,Polygon,MATIC,0.97485,-1.59,2.31,-7.57,9036621089.16,281479413.0
2026-09-07T03:32:05+00:00,13,Litecoin,LTC,109.060258,0.74,-6.05,18.82,8330807400.68,690252770.94
2026-09-07T03:32:05+00:00,14,TRON,TRX,0.176971,-1.93,3.51,-6.52,16175205490.38,664038380.41
2026-09-07T03:32:05+00:00,15,Toncoin,TON,6.655377,1.1,3.42,14.94,17379483734.27,606492617.85
2026-09-07T04:32:05+00:00,1,Bitcoin,BTC,58071.357136,0.84,-0.63,17.63,1164244783270.18,102794942120.44
2026-09-07T04:32:05+00:00,2,Ethereum,ETH,4351.056087,-1.95,-7.76,7.77,519274984385.82,17946910520.51
2026-09-07T04:32:05+00:00,3,Tether,USDT,0.988664,0.92,-5.34,15.13,119967188333.43,4030408947.75
2026-09-07T04:32:05+00:00,4,BNB,BNB,607.474306,0.3,-0.98,8.69,89559411376.59,7021316453.81
2026-09-07T04:32:05+00:00,5,Solana,SOL,177.452129,0.58,2.08,-0.37,84207124873.89,6513530829.47
2026-09-07T04:32:05+00:00,6,XRP,XRP,1.457907,1.14,1.07,-4.77,80288233246.56,7163402810.42
2026-09-07T04:32:05+00:00,7,Dogecoin,DOGE,0.127537,1.31,-2.69,6.2,18474745949.5,1461754636.94
2026-09-07T04:32:05+00:00,8,Cardano,ADA,0.615714,-0.77,-1.14,16.08,21446971046.75,1528420326.67
2026-09-07T04:32:05+00:00,9,Avalanche,AVAX,124.988663,1.58,4.92,-5.08,18810640301.27,869870790.43
2026-09-07T04:32:05+00:00,10,Chainlink,LINK,25.998542,0.35,5.06,16.06,16051704090.52,1295900513.33
2026-09-07T04:32:05+00:00,11,Polkadot,DOT,8.934044,1.47,1.15,-5.42,11480069619.4,894010499.97
2026-09-07T04:32:05+00:00,12,Polygon,MATIC,0.990857,1.65,-2.45,-12.02,9109768733.29,708374164.03
2026-09-07T04:32:05+00:00,13,Litecoin,LTC,110.379704,1.0,6.91,-6.81,8417958898.26,593541638.25
2026-09-07T04:32:05+00:00,14,TRON,TRX,0.180623,-1.17,-3.92,11.29,16193916122.2,927087063.03
2026-09-07T04:32:05+00:00,15,Toncoin,TON,6.670792,1.23,4.35,-6.85,17327538288.36,1450012407.97
2026-09-07T05:32:05+00:00,1,Bitcoin,BTC,58958.130144,0.09,-0.37,5.63,1162726143292.91,48600445388.79
2026-09-07T05:32:05+00:00,2,Ethereum,ETH,4212.793124,0.8,-2.19,4.76,514993710135.56,31493049676.8
2026-09-07T05:32:05+00:00,3,Tether,USDT,0.978941,-1.82,7.95,-1.91,119054683852.88,8155745715.92
2026-09-07T05:32:05+00:00,4,BNB,BNB,622.897264,-1.38,1.56,-2.93,90235100095.65,2817325421.82
2026-09-07T05:32:05+00:00,5,Solana,SOL,173.912878,1.96,5.86,2.02,84513406508.69,3856726790.48
2026-09-07T05:32:05+00:00,6,XRP,XRP,1.443787,-0.3,7.14,11.85,81516505799.64,7112455463.83
2026-09-07T05:32:05+00:00,7,Dogecoin,DOGE,0.12414,-1.85,-4.78,-8.67,18147618231.73,604995258.69
2026-09-07T05:32:05+00:00,8,Cardano,ADA,0.614107,1.48,-0.67,18.15,21676265477.72,727799726.38
2026-09-07T05:32:05+00:00,9,Avalanche,AVAX,124.960981,-0.41,-6.08,18.58,18907733606.7,1213502843.87
2026-09-07T05:32:05+00:00,10,Chainlink,LINK,26.3404,1.83,2.72,-1.24,16183263272.07,641256029.61
2026-09-07T05:32:05+00:00,11,Polkadot,DOT,9.015087,1.97,-4.45,-13.65,11344336579.52,582775470.02
2026-09-07T05:32:05+00:00,12,Polygon,MATIC,1.003682,1.62,5.4,-13.35,9152119929.52,660446115.3
2026-09-07T05:32:05+00:00,13,Litecoin,LTC,113.389255,1.94,-7.11,-9.93,8442831725.49,725447801.14
2026-09-07T05:32:05+00:00,14,TRON,TRX,0.182921,-0.8,1.46,11.53,15972945219.81,795905186.39
2026-09-07T05:32:05+00:00,15,Toncoin,TON,6.740277,-1.5,-0.3,-9.1,17209506281.94,667588981.93
2026-09-07T06:32:05+00:00,1,Bitcoin,BTC,58240.846991,-1.95,3.48,-8.17,1159142694457.42,100223060642.67
2026-09-07T06:32:05+00:00,2,Ethereum,ETH,4223.064989,1.74,5.87,16.1,512282351965.55,29326710781.89
2026-09-07T06:32:05+00:00,3,Tether,USDT,0.975819,1.72,5.48,6.99,119885601227.98,6046409332.17
2026-09-07T06:32:05+00:00,4,BNB,BNB,624.209384,-0.09,2.05,-10.0,89697858217.27,3013003262.87
2026-09-07T06:32:05+00:00,5,Solana,SOL,181.214374,0.21,-5.68,15.48,84005677775.46,4617262379.42
2026-09-07T06:32:05+00:00,6,XRP,XRP,1.390664,-0.92,5.43,-3.29,80461832529.92,4816293699.08
2026-09-07T06:32:05+00:00,7,Dogecoin,DOGE,0.124625,1.61,-6.17,19.25,18137808171.12,1531751281.86
2026-09-07T06:32:05+00:00,8,Cardano,ADA,0.618179,-1.16,-0.36,-4.98,21395851050.87,905092161.02
2026-09-07T06:32:05+00:00,9,Avalanche,AVAX,123.21837,1.96,7.97,17.38,18847074642.69,899948632.08
2026-09-07T06:32:05+00:00,10,Chainlink,LINK,26.740924,-1.77,3.62,-4.73,16355076502.59,501579727.99
2026-09-07T06:32:05+00:00,11,Polkadot,DOT,8.931556,-0.64,-5.76,-14.93,11475751803.78,702185281.48
2026-09-07T06:32:05+00:00,12,Polygon,MATIC,0.961526,-0.26,6.59,-7.36,9112983852.15,348388673.58
2026-09-07T06:32:05+00:00,13,Litecoin,LTC,110.242796,1.08,3.39,-8.12,8329316807.41,296060191.1
2026-09-07T06:32:05+00:00,14,TRON,TRX,0.182179,-0.02,-3.62,-7.79,16136203528.82,1166693845.79
2026-09-07T06:32:05+00:00,15,Toncoin,TON,6.967874,0.33,-4.76,-12.7,17380519477.51,942631651.08
2026-09-07T07:32:05+00:00,1,Bitcoin,BTC,58393.0272,-1.78,4.97,-3.27,1178000644357.18,95788274536.91
2026-09-07T07:32:05+00:00,2,Ethereum,ETH,4293.280475,-1.94,6.56,1.68,519839181081.56,23723395527.07
2026-09-07T07:32:05+00:00,3,Tether,USDT,0.981163,1.33,-2.13,-9.28,119690796778.95,7883244351.88
2026-09-07T07:32:05+00:00,4,BNB,BNB,594.140257,0.08,-0.87,3.05,89515872606.15,6573360797.47
2026-09-07T07:32:05+00:00,5,Solana,SOL,182.318072,1.46,-2.86,9.89,84199784839.67,6336664275.61
2026-09-07T07:32:05+00:00,6,XRP,XRP,1.382615,1.49,7.26,2.32,81021568790.98,5008281059.49
2026-09-07T07:32:05+00:00,7,Dogecoin,DOGE,0.126282,-1.92,7.48,-7.17,18183756140.97,661737600.67
2026-09-07T07:32:05+00:00,8,Cardano,ADA,0.602837,1.27,-7.52,-11.62,21585555928.7,896659561.52
2026-09-07T07:32:05+00:00,9,Avalanche,AVAX,120.634938,0.4,1.22,3.3,19077005230.1,687265613.82
2026-09-07T07:32:05+00:00,10,Chainlink,LINK,26.699121,0.87,-7.28,-10.69,16197923778.52,972734384.15
2026-09-07T07:32:05+00:00,11,Polkadot,DOT,8.654038,-1.51,-1.51,-10.21,11420933155.0,930985727.28
2026-09-07T07:32:05+00:00,12,Polygon,MATIC,0.959257,0.29,3.95,-9.25,9159334517.68,784919205.66
2026-09-07T07:32:05+00:00,13,Litecoin,LTC,111.649695,-0.32,5.44,3.4,8382466423.59,726411135.81
2026-09-07T07:32:05+00:00,14,TRON,TRX,0.184007,-0.65,-4.15,-3.27,16079257366.68,1430859401.64
2026-09-07T07:32:05+00:00,15,Toncoin,TON,6.964917,1.65,5.04,14.67,17145529398.16,1056034725.06
2026-09-07T08:32:05+00:00,1,Bitcoin,BTC,59209.729148,1.74,-4.01,-0.23,1173104941760.53,60683124338.49
2026-09-07T08:32:05+00:00,2,Ethereum,ETH,4303.016876,-1.72,-1.07,2.67,511054944297.72,19796031404.03
2026-09-07T08:32:05+00:00,3,Tether,USDT,1.028182,1.11,6.99,7.16,120742244624.74,9967485342.98
2026-09-07T08:32:05+00:00,4,BNB,BNB,626.471909,-1.86,2.27,-5.7,90521903814.29,4185819985.03
2026-09-07T08:32:05+00:00,5,Solana,SOL,179.37361,1.7,1.94,-6.23,84434274840.59,4728212603.5
2026-09-07T08:32:05+00:00,6,XRP,XRP,1.458414,-0.85,-3.11,7.66,80385017639.38,5318245322.27
2026-09-07T08:32:05+00:00,7,Dogecoin,DOGE,0.129448,0.06,-3.71,1.32,18312382325.91,711951254.79
2026-09-07T08:32:05+00:00,8,Cardano,ADA,0.59819,-1.47,-3.3,-0.77,21408972073.33,958986891.35
2026-09-07T08:32:05+00:00,9,Avalanche,AVAX,121.157896,0.19,5.44,6.35,19026668108.58,1311407374.6
2026-09-07T08:32:05+00:00,10,Chainlink,LINK,25.651708,0.84,-0.63,4.18,16236547098.03,941834559.41
2026-09-07T08:32:05+00:00,11,Polkadot,DOT,8.670287,-1.03,-4.45,2.94,11373363140.74,742607390.16
2026-09-07T08:32:05+00:00,12,Polygon,MATIC,0.951298,-0.59,5.79,-6.65,9110310881.77,541308414.04
2026-09-07T08:32:05+00:00,13,Litecoin,LTC,110.948826,1.95,-3.27,12.02,8342639202.27,285666604.35
2026-09-07T08:32:05+00:00,14,TRON,TRX,0.185032,-0.24,-7.01,-1.42,16080646883.09,1193408963.48
2026-09-07T08:32:05+00:00,15,Toncoin,TON,6.679634,-1.1,7.35,10.85,17180464477.05,868822374.82
2026-09-07T09:32:05+00:00,1,Bitcoin,BTC,57116.47592,0.7,1.86,14.75,1177515931216.12,71447356229.07
2026-09-07T09:32:05+00:00,2,Ethereum,ETH,4356.611303,0.97,4.16,1.63,518940604114.15,37416770617.15
2026-09-07T09:32:05+00:00,3,Tether,USDT,1.024882,-1.49,5.93,-14.85,120637625698.15,7818008804.66
2026-09-07T09:32:05+00:00,4,BNB,BNB,612.262228,1.85,1.15,-0.37,90711769771.07,7429384028.55
2026-09-07T09:32:05+00:00,5,Solana,SOL,180.072249,-0.48,-0.76,1.03,84776526625.0,4015341049.52
2026-09-07T09:32:05+00:00,6,XRP,XRP,1.410686,0.22,-1.85,-3.73,81465066249.28,6558892269.36
2026-09-07T09:32:05+00:00,7,Dogecoin,DOGE,0.125997,-0.22,-5.05,-4.36,18170066566.48,1180825217.22
2026-09-07T09:32:05+00:00,8,Cardano,ADA,0.614996,-1.65,6.72,-3.66,21647657658.32,1726217243.77
2026-09-07T09:32:05+00:00,9,Avalanche,AVAX,127.649529,-1.18,-1.18,16.87,18814063064.98,624083971.77
2026-09-07T09:32:05+00:00,10,Chainlink,LINK,26.221766,-0.01,6.72,12.07,16212473872.28,1456374399.43
2026-09-07T09:32:05+00:00,11,Polkadot,DOT,8.779181,0.07,2.96,-1.37,11367558348.1,748788834.08
2026-09-07T09:32:05+00:00,12,Polygon,MATIC,0.971245,1.79,2.82,3.38,9027011861.82,477430914.92
2026-09-07T09:32:05+00:00,13,Litecoin,LTC,111.731627,0.25,1.18,15.79,8478031130.6,497303383.37
2026-09-07T09:32:05+00:00,14,TRON,TRX,0.18035,0.5,7.94,-2.99,16109704697.16,1271145947.0
2026-09-07T09:32:05+00:00,15,Toncoin,TON,6.704864,-0.73,7.65,13.91,17304357387.65,633711178.35
2026-09-07T10:32:05+00:00,1,Bitcoin,BTC,58081.316876,0.76,5.13,19.66,1179082559863.69,64646277204.93
2026-09-07T10:32:05+00:00,2,Ethereum,ETH,4265.56418,-0.84,0.19,2.67,512781276331.06,21127411130.84
2026-09-07T10:32:05+00:00,3,Tether,USDT,1.002602,0.41,-2.35,19.78,120327629716.21,3904658479.84
2026-09-07T10:32:05+00:00,4,BNB,BNB,611.255149,1.15,-3.09,9.17,89305059185.7,4353719251.09
2026-09-07T10:32:05+00:00,5,Solana,SOL,180.144378,0.34,2.69,-8.12,84396389914.94,5333656775.71
2026-09-07T10:32:05+00:00,6,XRP,XRP,1.413355,0.59,0.5,19.9,81120637706.53,4427948267.49
2026-09-07T10:32:05+00:00,7,Dogecoin,DOGE,0.125046,-1.37,4.15,-11.27,18153637923.93,736248294.73
2026-09-07T10:32:05+00:00,8,Cardano,ADA,0.612275,1.29,1.81,13.23,21311709547.64,661113717.21
2026-09-07T10:32:05+00:00,9,Avalanche,AVAX,124.902285,-0.71,3.45,-2.62,18874377557.43,873935460.87
2026-09-07T10:32:05+00:00,10,Chainlink,LINK,25.910756,1.62,1.32,-2.79,16183747645.48,860858210.71
2026-09-07T10:32:05+00:00,11,Polkadot,DOT,8.691891,1.56,1.32,18.59,11386238166.51,766201783.2
2026-09-07T10:32:05+00:00,12,Polygon,MATIC,0.975087,-1.82,6.89,14.92,9066292416.52,763781806.51
2026-09-07T10:32:05+00:00,13,Litecoin,LTC,113.11014,-0.79,1.64,18.6,8399252714.01,730654510.69
2026-09-07T10:32:05+00:00,14,TRON,TRX,0.180069,-0.44,3.5,-7.25,16038548837.72,1328547309.57
2026-09-07T10:32:05+00:00,15,Toncoin,TON,6.837864,1.17,-4.11,-8.93,17251005032.85,712641783.51
